checkpoint_percent,feature_set,algorithm,parameters,train_years,evaluation_year,grid_fill_value,accuracy,precision,recall,f1,mcc,pr_auc,true_negative,false_positive,false_negative,true_positive,examples,negative_examples,positive_examples,protocol_version,input_sha256,random_seed
10,race,decision_tree,"{""max_depth"": 3, ""min_samples_leaf"": 15}",2017-2019,2020,,0.7746913580246914,0.8129032258064516,0.7411764705882353,0.7753846153846153,0.55270646658134,0.7919849008970334,125,29,44,126,324,154,170,1.1,e454e98335870181fa8e87f2e9edad74c3555c41dad6ae7846996909dfdcb0c9,42.0
10,race,gradient_boosting,"{""learning_rate"": 0.05, ""max_depth"": 1, ""n_estimators"": 50}",2017-2019,2020,,0.8024691358024691,0.8081395348837209,0.8176470588235294,0.8128654970760234,0.6037766125945347,0.8155041695347287,121,33,31,139,324,154,170,1.1,e454e98335870181fa8e87f2e9edad74c3555c41dad6ae7846996909dfdcb0c9,42.0
10,race,logistic_regression,"{""C"": 0.1}",2017-2019,2020,,0.7962962962962963,0.8058823529411765,0.8058823529411765,0.8058823529411765,0.5915966386554622,0.8365745860197241,121,33,33,137,324,154,170,1.1,e454e98335870181fa8e87f2e9edad74c3555c41dad6ae7846996909dfdcb0c9,42.0
10,race,random_forest,"{""max_depth"": 5, ""min_samples_leaf"": 1}",2017-2019,2020,,0.7993827160493827,0.8034682080924855,0.8176470588235294,0.8104956268221575,0.5975186616174777,0.839587471425006,120,34,31,139,324,154,170,1.1,e454e98335870181fa8e87f2e9edad74c3555c41dad6ae7846996909dfdcb0c9,42.0
10,race,svm,"{""C"": 0.1, ""kernel"": ""linear""}",2017-2019,2020,,0.7962962962962963,0.8058823529411765,0.8058823529411765,0.8058823529411765,0.5915966386554622,0.8177286097661762,121,33,33,137,324,154,170,1.1,e454e98335870181fa8e87f2e9edad74c3555c41dad6ae7846996909dfdcb0c9,42.0
10,race_and_grid,decision_tree,"{""max_depth"": 3, ""min_samples_leaf"": 15}",2017-2019,2020,10.0,0.7839506172839507,0.8164556962025317,0.7588235294117647,0.7865853658536586,0.569989553678023,0.7985747793843478,125,29,41,129,324,154,170,1.1,e454e98335870181fa8e87f2e9edad74c3555c41dad6ae7846996909dfdcb0c9,42.0
10,race_and_grid,gradient_boosting,"{""learning_rate"": 0.1, ""max_depth"": 1, ""n_estimators"": 50}",2017-2019,2020,10.0,0.8024691358024691,0.7944444444444444,0.8411764705882353,0.8171428571428572,0.6039230671588894,0.8405803802947717,117,37,27,143,324,154,170,1.1,e454e98335870181fa8e87f2e9edad74c3555c41dad6ae7846996909dfdcb0c9,42.0
10,race_and_grid,logistic_regression,"{""C"": 0.1}",2017-2019,2020,10.0,0.8055555555555556,0.8128654970760234,0.8176470588235294,0.8152492668621701,0.6100529523362156,0.8428108686123257,122,32,31,139,324,154,170,1.1,e454e98335870181fa8e87f2e9edad74c3555c41dad6ae7846996909dfdcb0c9,42.0
10,race_and_grid,random_forest,"{""max_depth"": 5, ""min_samples_leaf"": 5}",2017-2019,2020,10.0,0.8117283950617284,0.8044692737430168,0.8470588235294118,0.8252148997134671,0.6224667156503269,0.8412989336110629,119,35,26,144,324,154,170,1.1,e454e98335870181fa8e87f2e9edad74c3555c41dad6ae7846996909dfdcb0c9,42.0
10,race_and_grid,svm,"{""C"": 0.1, ""kernel"": ""linear""}",2017-2019,2020,10.0,0.8024691358024691,0.8154761904761905,0.8058823529411765,0.8106508875739645,0.6042606039829467,0.8296550770488451,123,31,33,137,324,154,170,1.1,e454e98335870181fa8e87f2e9edad74c3555c41dad6ae7846996909dfdcb0c9,42.0
25,race,decision_tree,"{""max_depth"": 3, ""min_samples_leaf"": 15}",2017-2019,2020,,0.7781350482315113,0.8300653594771242,0.7470588235294118,0.7863777089783281,0.5602825306807907,0.8418507234653587,115,26,43,127,311,141,170,1.1,e454e98335870181fa8e87f2e9edad74c3555c41dad6ae7846996909dfdcb0c9,42.0
25,race,gradient_boosting,"{""learning_rate"": 0.1, ""max_depth"": 1, ""n_estimators"": 50}",2017-2019,2020,,0.8070739549839229,0.8021978021978022,0.8588235294117647,0.8295454545454546,0.6097950499099043,0.8678914420924604,105,36,24,146,311,141,170,1.1,e454e98335870181fa8e87f2e9edad74c3555c41dad6ae7846996909dfdcb0c9,42.0
25,race,logistic_regression,"{""C"": 0.1}",2017-2019,2020,,0.8102893890675241,0.8100558659217877,0.8529411764705882,0.830945558739255,0.6162182683229127,0.8761057486292515,107,34,25,145,311,141,170,1.1,e454e98335870181fa8e87f2e9edad74c3555c41dad6ae7846996909dfdcb0c9,42.0
25,race,random_forest,"{""max_depth"": 10, ""min_samples_leaf"": 5}",2017-2019,2020,,0.8070739549839229,0.7925531914893617,0.8764705882352941,0.8324022346368715,0.6107495931530721,0.8582233575517544,102,39,21,149,311,141,170,1.1,e454e98335870181fa8e87f2e9edad74c3555c41dad6ae7846996909dfdcb0c9,42.0
25,race,svm,"{""C"": 1.0, ""gamma"": ""scale"", ""kernel"": ""rbf""}",2017-2019,2020,,0.797427652733119,0.7988826815642458,0.8411764705882353,0.8194842406876791,0.5900820417360153,0.8137880745160608,105,36,27,143,311,141,170,1.1,e454e98335870181fa8e87f2e9edad74c3555c41dad6ae7846996909dfdcb0c9,42.0
25,race_and_grid,decision_tree,"{""max_depth"": 3, ""min_samples_leaf"": 5}",2017-2019,2020,10.0,0.7845659163987139,0.7724867724867724,0.8588235294117647,0.8133704735376045,0.5647060093054033,0.8293320224901677,98,43,24,146,311,141,170,1.1,e454e98335870181fa8e87f2e9edad74c3555c41dad6ae7846996909dfdcb0c9,42.0
25,race_and_grid,gradient_boosting,"{""learning_rate"": 0.05, ""max_depth"": 2, ""n_estimators"": 50}",2017-2019,2020,10.0,0.8167202572347267,0.8156424581005587,0.8588235294117647,0.836676217765043,0.6292863816163615,0.8720566965474851,108,33,24,146,311,141,170,1.1,e454e98335870181fa8e87f2e9edad74c3555c41dad6ae7846996909dfdcb0c9,42.0
25,race_and_grid,logistic_regression,"{""C"": 0.1}",2017-2019,2020,10.0,0.8167202572347267,0.8304093567251462,0.8352941176470589,0.8328445747800587,0.6300147342409517,0.8802465078077346,112,29,28,142,311,141,170,1.1,e454e98335870181fa8e87f2e9edad74c3555c41dad6ae7846996909dfdcb0c9,42.0
25,race_and_grid,random_forest,"{""max_depth"": 5, ""min_samples_leaf"": 1}",2017-2019,2020,10.0,0.8070739549839229,0.8125,0.8411764705882353,0.8265895953757225,0.6098110563162223,0.857203634431214,108,33,27,143,311,141,170,1.1,e454e98335870181fa8e87f2e9edad74c3555c41dad6ae7846996909dfdcb0c9,42.0
25,race_and_grid,svm,"{""C"": 0.1, ""gamma"": ""scale"", ""kernel"": ""rbf""}",2017-2019,2020,10.0,0.8102893890675241,0.8100558659217877,0.8529411764705882,0.830945558739255,0.6162182683229127,0.851960672483425,107,34,25,145,311,141,170,1.1,e454e98335870181fa8e87f2e9edad74c3555c41dad6ae7846996909dfdcb0c9,42.0
50,race,decision_tree,"{""max_depth"": 5, ""min_samples_leaf"": 15}",2017-2019,2020,,0.8145695364238411,0.8238636363636364,0.8529411764705882,0.838150289017341,0.6217609297114642,0.8562109601877346,101,31,25,145,302,132,170,1.1,e454e98335870181fa8e87f2e9edad74c3555c41dad6ae7846996909dfdcb0c9,42.0
50,race,gradient_boosting,"{""learning_rate"": 0.1, ""max_depth"": 1, ""n_estimators"": 50}",2017-2019,2020,,0.8245033112582781,0.8268156424581006,0.8705882352941177,0.8481375358166189,0.6418177477607362,0.8888105422041434,101,31,22,148,302,132,170,1.1,e454e98335870181fa8e87f2e9edad74c3555c41dad6ae7846996909dfdcb0c9,42.0
50,race,logistic_regression,"{""C"": 0.1}",2017-2019,2020,,0.8211920529801324,0.8295454545454546,0.8588235294117647,0.8439306358381503,0.6352989110216922,0.8797162095586865,102,30,24,146,302,132,170,1.1,e454e98335870181fa8e87f2e9edad74c3555c41dad6ae7846996909dfdcb0c9,42.0
50,race,random_forest,"{""max_depth"": 10, ""min_samples_leaf"": 5}",2017-2019,2020,,0.8079470198675497,0.8218390804597702,0.8411764705882353,0.8313953488372093,0.608610486900614,0.9002555908178865,101,31,27,143,302,132,170,1.1,e454e98335870181fa8e87f2e9edad74c3555c41dad6ae7846996909dfdcb0c9,42.0
50,race,svm,"{""C"": 1.0, ""gamma"": ""scale"", ""kernel"": ""rbf""}",2017-2019,2020,,0.8278145695364238,0.8138297872340425,0.9,0.8547486033519553,0.6496062032175001,0.8670695479757758,97,35,17,153,302,132,170,1.1,e454e98335870181fa8e87f2e9edad74c3555c41dad6ae7846996909dfdcb0c9,42.0
50,race_and_grid,decision_tree,"{""max_depth"": 3, ""min_samples_leaf"": 15}",2017-2019,2020,10.0,0.8377483443708609,0.8235294117647058,0.9058823529411765,0.8627450980392157,0.6699889636207091,0.8821234021221789,99,33,16,154,302,132,170,1.1,e454e98335870181fa8e87f2e9edad74c3555c41dad6ae7846996909dfdcb0c9,42.0
50,race_and_grid,gradient_boosting,"{""learning_rate"": 0.05, ""max_depth"": 1, ""n_estimators"": 50}",2017-2019,2020,10.0,0.8311258278145696,0.8287292817679558,0.8823529411764706,0.8547008547008547,0.655423811791023,0.8921907327193828,101,31,20,150,302,132,170,1.1,e454e98335870181fa8e87f2e9edad74c3555c41dad6ae7846996909dfdcb0c9,42.0
50,race_and_grid,logistic_regression,"{""C"": 0.1}",2017-2019,2020,10.0,0.8344370860927153,0.8529411764705882,0.8529411764705882,0.8529411764705882,0.6635472370766489,0.8999759115100753,107,25,25,145,302,132,170,1.1,e454e98335870181fa8e87f2e9edad74c3555c41dad6ae7846996909dfdcb0c9,42.0
50,race_and_grid,random_forest,"{""max_depth"": 5, ""min_samples_leaf"": 5}",2017-2019,2020,10.0,0.8311258278145696,0.8361581920903954,0.8705882352941177,0.8530259365994236,0.6555083532221712,0.9021204683006323,103,29,22,148,302,132,170,1.1,e454e98335870181fa8e87f2e9edad74c3555c41dad6ae7846996909dfdcb0c9,42.0
50,race_and_grid,svm,"{""C"": 1.0, ""gamma"": ""scale"", ""kernel"": ""rbf""}",2017-2019,2020,10.0,0.8377483443708609,0.8306010928961749,0.8941176470588236,0.8611898016997167,0.6692296323117332,0.8737371698182507,101,31,18,152,302,132,170,1.1,e454e98335870181fa8e87f2e9edad74c3555c41dad6ae7846996909dfdcb0c9,42.0
75,race,decision_tree,"{""max_depth"": 3, ""min_samples_leaf"": 15}",2017-2019,2020,,0.8976109215017065,0.9117647058823529,0.9117647058823529,0.9117647058823529,0.7898134863701578,0.9256668990216926,108,15,15,155,293,123,170,1.1,e454e98335870181fa8e87f2e9edad74c3555c41dad6ae7846996909dfdcb0c9,42.0
75,race,gradient_boosting,"{""learning_rate"": 0.05, ""max_depth"": 1, ""n_estimators"": 50}",2017-2019,2020,,0.8976109215017065,0.9117647058823529,0.9117647058823529,0.9117647058823529,0.7898134863701578,0.9304755752495546,108,15,15,155,293,123,170,1.1,e454e98335870181fa8e87f2e9edad74c3555c41dad6ae7846996909dfdcb0c9,42.0
75,race,logistic_regression,"{""C"": 1.0}",2017-2019,2020,,0.8976109215017065,0.9117647058823529,0.9117647058823529,0.9117647058823529,0.7898134863701578,0.9425170992253432,108,15,15,155,293,123,170,1.1,e454e98335870181fa8e87f2e9edad74c3555c41dad6ae7846996909dfdcb0c9,42.0
75,race,random_forest,"{""max_depth"": 5, ""min_samples_leaf"": 5}",2017-2019,2020,,0.8976109215017065,0.9117647058823529,0.9117647058823529,0.9117647058823529,0.7898134863701578,0.941289542676083,108,15,15,155,293,123,170,1.1,e454e98335870181fa8e87f2e9edad74c3555c41dad6ae7846996909dfdcb0c9,42.0
75,race,svm,"{""C"": 10.0, ""gamma"": ""scale"", ""kernel"": ""rbf""}",2017-2019,2020,,0.8805460750853242,0.8901734104046243,0.9058823529411765,0.8979591836734694,0.7541205566815972,0.9430429718864588,104,19,16,154,293,123,170,1.1,e454e98335870181fa8e87f2e9edad74c3555c41dad6ae7846996909dfdcb0c9,42.0
75,race_and_grid,decision_tree,"{""max_depth"": 3, ""min_samples_leaf"": 15}",2017-2019,2020,10.0,0.8976109215017065,0.9117647058823529,0.9117647058823529,0.9117647058823529,0.7898134863701578,0.926766769171992,108,15,15,155,293,123,170,1.1,e454e98335870181fa8e87f2e9edad74c3555c41dad6ae7846996909dfdcb0c9,42.0
75,race_and_grid,gradient_boosting,"{""learning_rate"": 0.05, ""max_depth"": 1, ""n_estimators"": 50}",2017-2019,2020,10.0,0.8976109215017065,0.9117647058823529,0.9117647058823529,0.9117647058823529,0.7898134863701578,0.9318155507071457,108,15,15,155,293,123,170,1.1,e454e98335870181fa8e87f2e9edad74c3555c41dad6ae7846996909dfdcb0c9,42.0
75,race_and_grid,logistic_regression,"{""C"": 10.0}",2017-2019,2020,10.0,0.89419795221843,0.9112426035502958,0.9058823529411765,0.9085545722713865,0.7830702667810485,0.9404660351535015,108,15,16,154,293,123,170,1.1,e454e98335870181fa8e87f2e9edad74c3555c41dad6ae7846996909dfdcb0c9,42.0
75,race_and_grid,random_forest,"{""max_depth"": 5, ""min_samples_leaf"": 5}",2017-2019,2020,10.0,0.89419795221843,0.9112426035502958,0.9058823529411765,0.9085545722713865,0.7830702667810485,0.9381840877380495,108,15,16,154,293,123,170,1.1,e454e98335870181fa8e87f2e9edad74c3555c41dad6ae7846996909dfdcb0c9,42.0
75,race_and_grid,svm,"{""C"": 1.0, ""kernel"": ""linear""}",2017-2019,2020,10.0,0.8976109215017065,0.8977272727272727,0.9294117647058824,0.9132947976878613,0.789093570646332,0.943513228161645,105,18,12,158,293,123,170,1.1,e454e98335870181fa8e87f2e9edad74c3555c41dad6ae7846996909dfdcb0c9,42.0
10,baseline,current_top_10,{},not_applicable,2020,,0.7962962962962963,0.8058823529411765,0.8058823529411765,0.8058823529411765,0.5915966386554622,0.8302624745993303,121,33,33,137,324,154,170,1.1,e454e98335870181fa8e87f2e9edad74c3555c41dad6ae7846996909dfdcb0c9,
25,baseline,current_top_10,{},not_applicable,2020,,0.8070739549839229,0.8235294117647058,0.8235294117647058,0.8235294117647058,0.6107634543178974,0.8640260646209482,111,30,30,140,311,141,170,1.1,e454e98335870181fa8e87f2e9edad74c3555c41dad6ae7846996909dfdcb0c9,
50,baseline,current_top_10,{},not_applicable,2020,,0.8079470198675497,0.8294117647058824,0.8294117647058824,0.8294117647058824,0.6097147950089127,0.8711854119501613,103,29,29,141,302,132,170,1.1,e454e98335870181fa8e87f2e9edad74c3555c41dad6ae7846996909dfdcb0c9,
75,baseline,current_top_10,{},not_applicable,2020,,0.8976109215017065,0.9117647058823529,0.9117647058823529,0.9117647058823529,0.7898134863701578,0.9360740962277884,108,15,15,155,293,123,170,1.1,e454e98335870181fa8e87f2e9edad74c3555c41dad6ae7846996909dfdcb0c9,
