checkpoint_percent,feature_set,algorithm,actual_class,predicted_class,count,protocol_version,input_sha256
10,race,decision_tree,0,0,125,1.1,e454e98335870181fa8e87f2e9edad74c3555c41dad6ae7846996909dfdcb0c9
10,race,decision_tree,0,1,29,1.1,e454e98335870181fa8e87f2e9edad74c3555c41dad6ae7846996909dfdcb0c9
10,race,decision_tree,1,0,44,1.1,e454e98335870181fa8e87f2e9edad74c3555c41dad6ae7846996909dfdcb0c9
10,race,decision_tree,1,1,126,1.1,e454e98335870181fa8e87f2e9edad74c3555c41dad6ae7846996909dfdcb0c9
10,race,gradient_boosting,0,0,121,1.1,e454e98335870181fa8e87f2e9edad74c3555c41dad6ae7846996909dfdcb0c9
10,race,gradient_boosting,0,1,33,1.1,e454e98335870181fa8e87f2e9edad74c3555c41dad6ae7846996909dfdcb0c9
10,race,gradient_boosting,1,0,31,1.1,e454e98335870181fa8e87f2e9edad74c3555c41dad6ae7846996909dfdcb0c9
10,race,gradient_boosting,1,1,139,1.1,e454e98335870181fa8e87f2e9edad74c3555c41dad6ae7846996909dfdcb0c9
10,race,logistic_regression,0,0,121,1.1,e454e98335870181fa8e87f2e9edad74c3555c41dad6ae7846996909dfdcb0c9
10,race,logistic_regression,0,1,33,1.1,e454e98335870181fa8e87f2e9edad74c3555c41dad6ae7846996909dfdcb0c9
10,race,logistic_regression,1,0,33,1.1,e454e98335870181fa8e87f2e9edad74c3555c41dad6ae7846996909dfdcb0c9
10,race,logistic_regression,1,1,137,1.1,e454e98335870181fa8e87f2e9edad74c3555c41dad6ae7846996909dfdcb0c9
10,race,random_forest,0,0,120,1.1,e454e98335870181fa8e87f2e9edad74c3555c41dad6ae7846996909dfdcb0c9
10,race,random_forest,0,1,34,1.1,e454e98335870181fa8e87f2e9edad74c3555c41dad6ae7846996909dfdcb0c9
10,race,random_forest,1,0,31,1.1,e454e98335870181fa8e87f2e9edad74c3555c41dad6ae7846996909dfdcb0c9
10,race,random_forest,1,1,139,1.1,e454e98335870181fa8e87f2e9edad74c3555c41dad6ae7846996909dfdcb0c9
10,race,svm,0,0,121,1.1,e454e98335870181fa8e87f2e9edad74c3555c41dad6ae7846996909dfdcb0c9
10,race,svm,0,1,33,1.1,e454e98335870181fa8e87f2e9edad74c3555c41dad6ae7846996909dfdcb0c9
10,race,svm,1,0,33,1.1,e454e98335870181fa8e87f2e9edad74c3555c41dad6ae7846996909dfdcb0c9
10,race,svm,1,1,137,1.1,e454e98335870181fa8e87f2e9edad74c3555c41dad6ae7846996909dfdcb0c9
10,race_and_grid,decision_tree,0,0,125,1.1,e454e98335870181fa8e87f2e9edad74c3555c41dad6ae7846996909dfdcb0c9
10,race_and_grid,decision_tree,0,1,29,1.1,e454e98335870181fa8e87f2e9edad74c3555c41dad6ae7846996909dfdcb0c9
10,race_and_grid,decision_tree,1,0,41,1.1,e454e98335870181fa8e87f2e9edad74c3555c41dad6ae7846996909dfdcb0c9
10,race_and_grid,decision_tree,1,1,129,1.1,e454e98335870181fa8e87f2e9edad74c3555c41dad6ae7846996909dfdcb0c9
10,race_and_grid,gradient_boosting,0,0,117,1.1,e454e98335870181fa8e87f2e9edad74c3555c41dad6ae7846996909dfdcb0c9
10,race_and_grid,gradient_boosting,0,1,37,1.1,e454e98335870181fa8e87f2e9edad74c3555c41dad6ae7846996909dfdcb0c9
10,race_and_grid,gradient_boosting,1,0,27,1.1,e454e98335870181fa8e87f2e9edad74c3555c41dad6ae7846996909dfdcb0c9
10,race_and_grid,gradient_boosting,1,1,143,1.1,e454e98335870181fa8e87f2e9edad74c3555c41dad6ae7846996909dfdcb0c9
10,race_and_grid,logistic_regression,0,0,122,1.1,e454e98335870181fa8e87f2e9edad74c3555c41dad6ae7846996909dfdcb0c9
10,race_and_grid,logistic_regression,0,1,32,1.1,e454e98335870181fa8e87f2e9edad74c3555c41dad6ae7846996909dfdcb0c9
10,race_and_grid,logistic_regression,1,0,31,1.1,e454e98335870181fa8e87f2e9edad74c3555c41dad6ae7846996909dfdcb0c9
10,race_and_grid,logistic_regression,1,1,139,1.1,e454e98335870181fa8e87f2e9edad74c3555c41dad6ae7846996909dfdcb0c9
10,race_and_grid,random_forest,0,0,119,1.1,e454e98335870181fa8e87f2e9edad74c3555c41dad6ae7846996909dfdcb0c9
10,race_and_grid,random_forest,0,1,35,1.1,e454e98335870181fa8e87f2e9edad74c3555c41dad6ae7846996909dfdcb0c9
10,race_and_grid,random_forest,1,0,26,1.1,e454e98335870181fa8e87f2e9edad74c3555c41dad6ae7846996909dfdcb0c9
10,race_and_grid,random_forest,1,1,144,1.1,e454e98335870181fa8e87f2e9edad74c3555c41dad6ae7846996909dfdcb0c9
10,race_and_grid,svm,0,0,123,1.1,e454e98335870181fa8e87f2e9edad74c3555c41dad6ae7846996909dfdcb0c9
10,race_and_grid,svm,0,1,31,1.1,e454e98335870181fa8e87f2e9edad74c3555c41dad6ae7846996909dfdcb0c9
10,race_and_grid,svm,1,0,33,1.1,e454e98335870181fa8e87f2e9edad74c3555c41dad6ae7846996909dfdcb0c9
10,race_and_grid,svm,1,1,137,1.1,e454e98335870181fa8e87f2e9edad74c3555c41dad6ae7846996909dfdcb0c9
25,race,decision_tree,0,0,115,1.1,e454e98335870181fa8e87f2e9edad74c3555c41dad6ae7846996909dfdcb0c9
25,race,decision_tree,0,1,26,1.1,e454e98335870181fa8e87f2e9edad74c3555c41dad6ae7846996909dfdcb0c9
25,race,decision_tree,1,0,43,1.1,e454e98335870181fa8e87f2e9edad74c3555c41dad6ae7846996909dfdcb0c9
25,race,decision_tree,1,1,127,1.1,e454e98335870181fa8e87f2e9edad74c3555c41dad6ae7846996909dfdcb0c9
25,race,gradient_boosting,0,0,105,1.1,e454e98335870181fa8e87f2e9edad74c3555c41dad6ae7846996909dfdcb0c9
25,race,gradient_boosting,0,1,36,1.1,e454e98335870181fa8e87f2e9edad74c3555c41dad6ae7846996909dfdcb0c9
25,race,gradient_boosting,1,0,24,1.1,e454e98335870181fa8e87f2e9edad74c3555c41dad6ae7846996909dfdcb0c9
25,race,gradient_boosting,1,1,146,1.1,e454e98335870181fa8e87f2e9edad74c3555c41dad6ae7846996909dfdcb0c9
25,race,logistic_regression,0,0,107,1.1,e454e98335870181fa8e87f2e9edad74c3555c41dad6ae7846996909dfdcb0c9
25,race,logistic_regression,0,1,34,1.1,e454e98335870181fa8e87f2e9edad74c3555c41dad6ae7846996909dfdcb0c9
25,race,logistic_regression,1,0,25,1.1,e454e98335870181fa8e87f2e9edad74c3555c41dad6ae7846996909dfdcb0c9
25,race,logistic_regression,1,1,145,1.1,e454e98335870181fa8e87f2e9edad74c3555c41dad6ae7846996909dfdcb0c9
25,race,random_forest,0,0,102,1.1,e454e98335870181fa8e87f2e9edad74c3555c41dad6ae7846996909dfdcb0c9
25,race,random_forest,0,1,39,1.1,e454e98335870181fa8e87f2e9edad74c3555c41dad6ae7846996909dfdcb0c9
25,race,random_forest,1,0,21,1.1,e454e98335870181fa8e87f2e9edad74c3555c41dad6ae7846996909dfdcb0c9
25,race,random_forest,1,1,149,1.1,e454e98335870181fa8e87f2e9edad74c3555c41dad6ae7846996909dfdcb0c9
25,race,svm,0,0,105,1.1,e454e98335870181fa8e87f2e9edad74c3555c41dad6ae7846996909dfdcb0c9
25,race,svm,0,1,36,1.1,e454e98335870181fa8e87f2e9edad74c3555c41dad6ae7846996909dfdcb0c9
25,race,svm,1,0,27,1.1,e454e98335870181fa8e87f2e9edad74c3555c41dad6ae7846996909dfdcb0c9
25,race,svm,1,1,143,1.1,e454e98335870181fa8e87f2e9edad74c3555c41dad6ae7846996909dfdcb0c9
25,race_and_grid,decision_tree,0,0,98,1.1,e454e98335870181fa8e87f2e9edad74c3555c41dad6ae7846996909dfdcb0c9
25,race_and_grid,decision_tree,0,1,43,1.1,e454e98335870181fa8e87f2e9edad74c3555c41dad6ae7846996909dfdcb0c9
25,race_and_grid,decision_tree,1,0,24,1.1,e454e98335870181fa8e87f2e9edad74c3555c41dad6ae7846996909dfdcb0c9
25,race_and_grid,decision_tree,1,1,146,1.1,e454e98335870181fa8e87f2e9edad74c3555c41dad6ae7846996909dfdcb0c9
25,race_and_grid,gradient_boosting,0,0,108,1.1,e454e98335870181fa8e87f2e9edad74c3555c41dad6ae7846996909dfdcb0c9
25,race_and_grid,gradient_boosting,0,1,33,1.1,e454e98335870181fa8e87f2e9edad74c3555c41dad6ae7846996909dfdcb0c9
25,race_and_grid,gradient_boosting,1,0,24,1.1,e454e98335870181fa8e87f2e9edad74c3555c41dad6ae7846996909dfdcb0c9
25,race_and_grid,gradient_boosting,1,1,146,1.1,e454e98335870181fa8e87f2e9edad74c3555c41dad6ae7846996909dfdcb0c9
25,race_and_grid,logistic_regression,0,0,112,1.1,e454e98335870181fa8e87f2e9edad74c3555c41dad6ae7846996909dfdcb0c9
25,race_and_grid,logistic_regression,0,1,29,1.1,e454e98335870181fa8e87f2e9edad74c3555c41dad6ae7846996909dfdcb0c9
25,race_and_grid,logistic_regression,1,0,28,1.1,e454e98335870181fa8e87f2e9edad74c3555c41dad6ae7846996909dfdcb0c9
25,race_and_grid,logistic_regression,1,1,142,1.1,e454e98335870181fa8e87f2e9edad74c3555c41dad6ae7846996909dfdcb0c9
25,race_and_grid,random_forest,0,0,108,1.1,e454e98335870181fa8e87f2e9edad74c3555c41dad6ae7846996909dfdcb0c9
25,race_and_grid,random_forest,0,1,33,1.1,e454e98335870181fa8e87f2e9edad74c3555c41dad6ae7846996909dfdcb0c9
25,race_and_grid,random_forest,1,0,27,1.1,e454e98335870181fa8e87f2e9edad74c3555c41dad6ae7846996909dfdcb0c9
25,race_and_grid,random_forest,1,1,143,1.1,e454e98335870181fa8e87f2e9edad74c3555c41dad6ae7846996909dfdcb0c9
25,race_and_grid,svm,0,0,107,1.1,e454e98335870181fa8e87f2e9edad74c3555c41dad6ae7846996909dfdcb0c9
25,race_and_grid,svm,0,1,34,1.1,e454e98335870181fa8e87f2e9edad74c3555c41dad6ae7846996909dfdcb0c9
25,race_and_grid,svm,1,0,25,1.1,e454e98335870181fa8e87f2e9edad74c3555c41dad6ae7846996909dfdcb0c9
25,race_and_grid,svm,1,1,145,1.1,e454e98335870181fa8e87f2e9edad74c3555c41dad6ae7846996909dfdcb0c9
50,race,decision_tree,0,0,101,1.1,e454e98335870181fa8e87f2e9edad74c3555c41dad6ae7846996909dfdcb0c9
50,race,decision_tree,0,1,31,1.1,e454e98335870181fa8e87f2e9edad74c3555c41dad6ae7846996909dfdcb0c9
50,race,decision_tree,1,0,25,1.1,e454e98335870181fa8e87f2e9edad74c3555c41dad6ae7846996909dfdcb0c9
50,race,decision_tree,1,1,145,1.1,e454e98335870181fa8e87f2e9edad74c3555c41dad6ae7846996909dfdcb0c9
50,race,gradient_boosting,0,0,101,1.1,e454e98335870181fa8e87f2e9edad74c3555c41dad6ae7846996909dfdcb0c9
50,race,gradient_boosting,0,1,31,1.1,e454e98335870181fa8e87f2e9edad74c3555c41dad6ae7846996909dfdcb0c9
50,race,gradient_boosting,1,0,22,1.1,e454e98335870181fa8e87f2e9edad74c3555c41dad6ae7846996909dfdcb0c9
50,race,gradient_boosting,1,1,148,1.1,e454e98335870181fa8e87f2e9edad74c3555c41dad6ae7846996909dfdcb0c9
50,race,logistic_regression,0,0,102,1.1,e454e98335870181fa8e87f2e9edad74c3555c41dad6ae7846996909dfdcb0c9
50,race,logistic_regression,0,1,30,1.1,e454e98335870181fa8e87f2e9edad74c3555c41dad6ae7846996909dfdcb0c9
50,race,logistic_regression,1,0,24,1.1,e454e98335870181fa8e87f2e9edad74c3555c41dad6ae7846996909dfdcb0c9
50,race,logistic_regression,1,1,146,1.1,e454e98335870181fa8e87f2e9edad74c3555c41dad6ae7846996909dfdcb0c9
50,race,random_forest,0,0,101,1.1,e454e98335870181fa8e87f2e9edad74c3555c41dad6ae7846996909dfdcb0c9
50,race,random_forest,0,1,31,1.1,e454e98335870181fa8e87f2e9edad74c3555c41dad6ae7846996909dfdcb0c9
50,race,random_forest,1,0,27,1.1,e454e98335870181fa8e87f2e9edad74c3555c41dad6ae7846996909dfdcb0c9
50,race,random_forest,1,1,143,1.1,e454e98335870181fa8e87f2e9edad74c3555c41dad6ae7846996909dfdcb0c9
50,race,svm,0,0,97,1.1,e454e98335870181fa8e87f2e9edad74c3555c41dad6ae7846996909dfdcb0c9
50,race,svm,0,1,35,1.1,e454e98335870181fa8e87f2e9edad74c3555c41dad6ae7846996909dfdcb0c9
50,race,svm,1,0,17,1.1,e454e98335870181fa8e87f2e9edad74c3555c41dad6ae7846996909dfdcb0c9
50,race,svm,1,1,153,1.1,e454e98335870181fa8e87f2e9edad74c3555c41dad6ae7846996909dfdcb0c9
50,race_and_grid,decision_tree,0,0,99,1.1,e454e98335870181fa8e87f2e9edad74c3555c41dad6ae7846996909dfdcb0c9
50,race_and_grid,decision_tree,0,1,33,1.1,e454e98335870181fa8e87f2e9edad74c3555c41dad6ae7846996909dfdcb0c9
50,race_and_grid,decision_tree,1,0,16,1.1,e454e98335870181fa8e87f2e9edad74c3555c41dad6ae7846996909dfdcb0c9
50,race_and_grid,decision_tree,1,1,154,1.1,e454e98335870181fa8e87f2e9edad74c3555c41dad6ae7846996909dfdcb0c9
50,race_and_grid,gradient_boosting,0,0,101,1.1,e454e98335870181fa8e87f2e9edad74c3555c41dad6ae7846996909dfdcb0c9
50,race_and_grid,gradient_boosting,0,1,31,1.1,e454e98335870181fa8e87f2e9edad74c3555c41dad6ae7846996909dfdcb0c9
50,race_and_grid,gradient_boosting,1,0,20,1.1,e454e98335870181fa8e87f2e9edad74c3555c41dad6ae7846996909dfdcb0c9
50,race_and_grid,gradient_boosting,1,1,150,1.1,e454e98335870181fa8e87f2e9edad74c3555c41dad6ae7846996909dfdcb0c9
50,race_and_grid,logistic_regression,0,0,107,1.1,e454e98335870181fa8e87f2e9edad74c3555c41dad6ae7846996909dfdcb0c9
50,race_and_grid,logistic_regression,0,1,25,1.1,e454e98335870181fa8e87f2e9edad74c3555c41dad6ae7846996909dfdcb0c9
50,race_and_grid,logistic_regression,1,0,25,1.1,e454e98335870181fa8e87f2e9edad74c3555c41dad6ae7846996909dfdcb0c9
50,race_and_grid,logistic_regression,1,1,145,1.1,e454e98335870181fa8e87f2e9edad74c3555c41dad6ae7846996909dfdcb0c9
50,race_and_grid,random_forest,0,0,103,1.1,e454e98335870181fa8e87f2e9edad74c3555c41dad6ae7846996909dfdcb0c9
50,race_and_grid,random_forest,0,1,29,1.1,e454e98335870181fa8e87f2e9edad74c3555c41dad6ae7846996909dfdcb0c9
50,race_and_grid,random_forest,1,0,22,1.1,e454e98335870181fa8e87f2e9edad74c3555c41dad6ae7846996909dfdcb0c9
50,race_and_grid,random_forest,1,1,148,1.1,e454e98335870181fa8e87f2e9edad74c3555c41dad6ae7846996909dfdcb0c9
50,race_and_grid,svm,0,0,101,1.1,e454e98335870181fa8e87f2e9edad74c3555c41dad6ae7846996909dfdcb0c9
50,race_and_grid,svm,0,1,31,1.1,e454e98335870181fa8e87f2e9edad74c3555c41dad6ae7846996909dfdcb0c9
50,race_and_grid,svm,1,0,18,1.1,e454e98335870181fa8e87f2e9edad74c3555c41dad6ae7846996909dfdcb0c9
50,race_and_grid,svm,1,1,152,1.1,e454e98335870181fa8e87f2e9edad74c3555c41dad6ae7846996909dfdcb0c9
75,race,decision_tree,0,0,108,1.1,e454e98335870181fa8e87f2e9edad74c3555c41dad6ae7846996909dfdcb0c9
75,race,decision_tree,0,1,15,1.1,e454e98335870181fa8e87f2e9edad74c3555c41dad6ae7846996909dfdcb0c9
75,race,decision_tree,1,0,15,1.1,e454e98335870181fa8e87f2e9edad74c3555c41dad6ae7846996909dfdcb0c9
75,race,decision_tree,1,1,155,1.1,e454e98335870181fa8e87f2e9edad74c3555c41dad6ae7846996909dfdcb0c9
75,race,gradient_boosting,0,0,108,1.1,e454e98335870181fa8e87f2e9edad74c3555c41dad6ae7846996909dfdcb0c9
75,race,gradient_boosting,0,1,15,1.1,e454e98335870181fa8e87f2e9edad74c3555c41dad6ae7846996909dfdcb0c9
75,race,gradient_boosting,1,0,15,1.1,e454e98335870181fa8e87f2e9edad74c3555c41dad6ae7846996909dfdcb0c9
75,race,gradient_boosting,1,1,155,1.1,e454e98335870181fa8e87f2e9edad74c3555c41dad6ae7846996909dfdcb0c9
75,race,logistic_regression,0,0,108,1.1,e454e98335870181fa8e87f2e9edad74c3555c41dad6ae7846996909dfdcb0c9
75,race,logistic_regression,0,1,15,1.1,e454e98335870181fa8e87f2e9edad74c3555c41dad6ae7846996909dfdcb0c9
75,race,logistic_regression,1,0,15,1.1,e454e98335870181fa8e87f2e9edad74c3555c41dad6ae7846996909dfdcb0c9
75,race,logistic_regression,1,1,155,1.1,e454e98335870181fa8e87f2e9edad74c3555c41dad6ae7846996909dfdcb0c9
75,race,random_forest,0,0,108,1.1,e454e98335870181fa8e87f2e9edad74c3555c41dad6ae7846996909dfdcb0c9
75,race,random_forest,0,1,15,1.1,e454e98335870181fa8e87f2e9edad74c3555c41dad6ae7846996909dfdcb0c9
75,race,random_forest,1,0,15,1.1,e454e98335870181fa8e87f2e9edad74c3555c41dad6ae7846996909dfdcb0c9
75,race,random_forest,1,1,155,1.1,e454e98335870181fa8e87f2e9edad74c3555c41dad6ae7846996909dfdcb0c9
75,race,svm,0,0,104,1.1,e454e98335870181fa8e87f2e9edad74c3555c41dad6ae7846996909dfdcb0c9
75,race,svm,0,1,19,1.1,e454e98335870181fa8e87f2e9edad74c3555c41dad6ae7846996909dfdcb0c9
75,race,svm,1,0,16,1.1,e454e98335870181fa8e87f2e9edad74c3555c41dad6ae7846996909dfdcb0c9
75,race,svm,1,1,154,1.1,e454e98335870181fa8e87f2e9edad74c3555c41dad6ae7846996909dfdcb0c9
75,race_and_grid,decision_tree,0,0,108,1.1,e454e98335870181fa8e87f2e9edad74c3555c41dad6ae7846996909dfdcb0c9
75,race_and_grid,decision_tree,0,1,15,1.1,e454e98335870181fa8e87f2e9edad74c3555c41dad6ae7846996909dfdcb0c9
75,race_and_grid,decision_tree,1,0,15,1.1,e454e98335870181fa8e87f2e9edad74c3555c41dad6ae7846996909dfdcb0c9
75,race_and_grid,decision_tree,1,1,155,1.1,e454e98335870181fa8e87f2e9edad74c3555c41dad6ae7846996909dfdcb0c9
75,race_and_grid,gradient_boosting,0,0,108,1.1,e454e98335870181fa8e87f2e9edad74c3555c41dad6ae7846996909dfdcb0c9
75,race_and_grid,gradient_boosting,0,1,15,1.1,e454e98335870181fa8e87f2e9edad74c3555c41dad6ae7846996909dfdcb0c9
75,race_and_grid,gradient_boosting,1,0,15,1.1,e454e98335870181fa8e87f2e9edad74c3555c41dad6ae7846996909dfdcb0c9
75,race_and_grid,gradient_boosting,1,1,155,1.1,e454e98335870181fa8e87f2e9edad74c3555c41dad6ae7846996909dfdcb0c9
75,race_and_grid,logistic_regression,0,0,108,1.1,e454e98335870181fa8e87f2e9edad74c3555c41dad6ae7846996909dfdcb0c9
75,race_and_grid,logistic_regression,0,1,15,1.1,e454e98335870181fa8e87f2e9edad74c3555c41dad6ae7846996909dfdcb0c9
75,race_and_grid,logistic_regression,1,0,16,1.1,e454e98335870181fa8e87f2e9edad74c3555c41dad6ae7846996909dfdcb0c9
75,race_and_grid,logistic_regression,1,1,154,1.1,e454e98335870181fa8e87f2e9edad74c3555c41dad6ae7846996909dfdcb0c9
75,race_and_grid,random_forest,0,0,108,1.1,e454e98335870181fa8e87f2e9edad74c3555c41dad6ae7846996909dfdcb0c9
75,race_and_grid,random_forest,0,1,15,1.1,e454e98335870181fa8e87f2e9edad74c3555c41dad6ae7846996909dfdcb0c9
75,race_and_grid,random_forest,1,0,16,1.1,e454e98335870181fa8e87f2e9edad74c3555c41dad6ae7846996909dfdcb0c9
75,race_and_grid,random_forest,1,1,154,1.1,e454e98335870181fa8e87f2e9edad74c3555c41dad6ae7846996909dfdcb0c9
75,race_and_grid,svm,0,0,105,1.1,e454e98335870181fa8e87f2e9edad74c3555c41dad6ae7846996909dfdcb0c9
75,race_and_grid,svm,0,1,18,1.1,e454e98335870181fa8e87f2e9edad74c3555c41dad6ae7846996909dfdcb0c9
75,race_and_grid,svm,1,0,12,1.1,e454e98335870181fa8e87f2e9edad74c3555c41dad6ae7846996909dfdcb0c9
75,race_and_grid,svm,1,1,158,1.1,e454e98335870181fa8e87f2e9edad74c3555c41dad6ae7846996909dfdcb0c9
10,baseline,current_top_10,0,0,121,1.1,e454e98335870181fa8e87f2e9edad74c3555c41dad6ae7846996909dfdcb0c9
10,baseline,current_top_10,0,1,33,1.1,e454e98335870181fa8e87f2e9edad74c3555c41dad6ae7846996909dfdcb0c9
10,baseline,current_top_10,1,0,33,1.1,e454e98335870181fa8e87f2e9edad74c3555c41dad6ae7846996909dfdcb0c9
10,baseline,current_top_10,1,1,137,1.1,e454e98335870181fa8e87f2e9edad74c3555c41dad6ae7846996909dfdcb0c9
25,baseline,current_top_10,0,0,111,1.1,e454e98335870181fa8e87f2e9edad74c3555c41dad6ae7846996909dfdcb0c9
25,baseline,current_top_10,0,1,30,1.1,e454e98335870181fa8e87f2e9edad74c3555c41dad6ae7846996909dfdcb0c9
25,baseline,current_top_10,1,0,30,1.1,e454e98335870181fa8e87f2e9edad74c3555c41dad6ae7846996909dfdcb0c9
25,baseline,current_top_10,1,1,140,1.1,e454e98335870181fa8e87f2e9edad74c3555c41dad6ae7846996909dfdcb0c9
50,baseline,current_top_10,0,0,103,1.1,e454e98335870181fa8e87f2e9edad74c3555c41dad6ae7846996909dfdcb0c9
50,baseline,current_top_10,0,1,29,1.1,e454e98335870181fa8e87f2e9edad74c3555c41dad6ae7846996909dfdcb0c9
50,baseline,current_top_10,1,0,29,1.1,e454e98335870181fa8e87f2e9edad74c3555c41dad6ae7846996909dfdcb0c9
50,baseline,current_top_10,1,1,141,1.1,e454e98335870181fa8e87f2e9edad74c3555c41dad6ae7846996909dfdcb0c9
75,baseline,current_top_10,0,0,108,1.1,e454e98335870181fa8e87f2e9edad74c3555c41dad6ae7846996909dfdcb0c9
75,baseline,current_top_10,0,1,15,1.1,e454e98335870181fa8e87f2e9edad74c3555c41dad6ae7846996909dfdcb0c9
75,baseline,current_top_10,1,0,15,1.1,e454e98335870181fa8e87f2e9edad74c3555c41dad6ae7846996909dfdcb0c9
75,baseline,current_top_10,1,1,155,1.1,e454e98335870181fa8e87f2e9edad74c3555c41dad6ae7846996909dfdcb0c9
